,Mean,SD,SE,Min,Max
Onset_Time,0.563902851593498,0.06270480904646486,0.016190312077604973,0.4112903225806452,0.6975476839237057
Timestamp,0.8937424695183679,0.11927486279045775,0.03079663714724117,0.6081632653061224,0.9902439024390244
Text,0.783765743842268,0.10277334455476479,0.026535963459642715,0.55858310626703,0.9298642533936652
Language,0.781218818036431,0.17065597178035688,0.044063182442411,0.2997275204359673,0.9411764705882353
Speaker,0.3923931056787157,0.06911991760816885,0.01784668598584445,0.24081632653061225,0.48258706467661694
